library_index,id,name,status,cuisine,family_id,form,staples,core_ingredients,unknown_role,optional_ingredients,generation_optional_ingredients,liquid_ingredients,substitution_slots,discouraged,technique,ratio_rules,safety_rules,total_time_minutes,purposes,source_count,static_status,verification_status,missing_fields
1,chinese-congee,中式基础粥,approved,中式,family-rice-porridge,粥,大米,水,,鸡高汤｜酱油｜芝麻油｜白胡椒｜葱｜香菜｜姜｜芝麻,酱油｜芝麻油｜葱｜姜,水,"{""slot"":""煮粥液体"",""replaces"":[""水""],""allowed"":[""鸡高汤""]}","{""ingredients"":[""生肉厚片"",""大块鱼肉""],""reason_type"":""safety"",""reason"":""不能只靠关火后的粥温把厚块肉或鱼焖熟。""}",煮沸转小火｜慢熬出胶｜最后调味,大米与液体约为1:11（克与毫升）｜液体减少过快时少量补热水,加入生肉或生鱼时必须继续加热至完全熟透｜冷藏剩粥再次食用前要彻底加热,40,quick｜pantry｜batch,1,complete,pending,
2,simple-chicken-biryani,简化一锅鸡肉香料饭,approved,南亚风味,family-spiced-rice,焖饭,大米,鸡肉｜洋葱,,黄油｜月桂叶｜姜黄｜豆蔻｜肉桂｜咖喱酱｜葡萄干｜鸡高汤｜香菜,黄油｜姜黄｜咖喱酱｜鸡高汤,鸡高汤,"{""slot"":""鸡肉部位"",""replaces"":[""鸡肉""],""allowed"":[""鸡腿肉"",""鸡胸肉""]}｜{""slot"":""果干"",""replaces"":[""葡萄干""],""allowed"":[""杏干"",""蔓越莓干""]}","{""ingredients"":[""大量叶菜"",""高含水瓜类""],""reason_type"":""texture_water"",""reason"":""额外出水会破坏焖饭的吸水比例。""}",炒香洋葱｜鸡肉短煎｜加盖焖饭｜离火静置,原始300克:600克:850毫升的大米、鸡肉、高汤比例等比例缩放；每1份使用大米100克、鸡肉200克、鸡高汤280克，按份数同比缩放｜焖好后离火静置再翻松,鸡肉中心必须完全熟透且不见粉红｜处理生鸡后清洁刀具和案板,45,quick｜fresh｜pantry｜batch,1,complete,pending,
3,jollof-rice,西非番茄香料饭,approved,西非风味,family-tomato-rice,焖饭,大米,番茄｜甜椒｜洋葱,甜椒,番茄膏｜辣椒｜植物油｜鸡高汤｜咖喱粉｜百里香,植物油｜鸡高汤｜咖喱粉｜百里香,鸡高汤,"{""slot"":""炖饭高汤"",""replaces"":[""鸡高汤""],""allowed"":[""蔬菜高汤"",""水""]}｜{""slot"":""辣味"",""replaces"":[""辣椒""],""allowed"":[""辣椒粉"",""不放辣""]}","{""ingredients"":[""黄瓜"",""冬瓜"",""大量蘑菇""],""reason_type"":""texture_water"",""reason"":""高含水配菜会稀释番茄酱底并让米饭过软。""}",打碎番茄椒｜炒浓酱底｜小火焖饭｜翻松米粒,大米与高汤体积约1:1，换算为每1份使用大米100克、鸡高汤130克，按份数同比缩放｜番茄酱底先收浓再加米,使用鸡高汤时保持沸腾后再转小火｜剩饭应尽快降温冷藏并彻底复热,40,pantry｜fresh｜batch,1,complete,pending,
4,creole-jambalaya,克里奥尔番茄鸡肉什锦饭,approved,美国路易斯安那风味,family-tomato-rice,焖饭,大米,番茄｜鸡肉｜芹菜,芹菜,黄油｜鸡高汤｜蘑菇｜月桂叶｜罗勒｜百里香｜孜然,黄油｜鸡高汤｜蘑菇｜百里香,鸡高汤,"{""slot"":""熟禽肉"",""replaces"":[""鸡肉""],""allowed"":[""火鸡肉""]}｜{""slot"":""菌菇"",""replaces"":[""蘑菇""],""allowed"":[""口蘑"",""不放菌菇""]}","{""ingredients"":[""生鸡大块"",""带壳海鲜""],""reason_type"":""safety"",""reason"":""这份短时焖饭以熟禽肉为基准，不能直接塞入难熟的大块生食材。""}",芹菜炒软｜合锅煮沸｜加盖焖饭｜取出月桂叶,大米与高汤体积约为1:2.25｜番茄汁计入总液体,替换为生禽肉时必须先煎熟再合锅｜食用前确认禽肉已彻底加热,35,pantry｜fresh｜batch,1,complete,pending,
5,soy-lentil-vegetable-stew,大豆扁豆西兰花炖锅,approved,家常纯素炖锅,family-legume-vegetable-stew,炖锅,,红扁豆｜大豆蛋白块｜西兰花｜红洋葱,红扁豆｜大豆蛋白块｜红洋葱,橄榄油｜蒜｜营养酵母｜花生｜葵花籽｜黑胡椒｜姜黄｜辣椒｜葛缕子｜姜,橄榄油｜蒜｜姜黄｜黑胡椒,水,"{""slot"":""坚果或种子"",""replaces"":[""花生""],""allowed"":[""葵花籽"",""不加坚果或种子""]}","{""ingredients"":[""未泡发的整粒干豆"",""大块根茎""],""reason_type"":""timing"",""reason"":""会明显延长这道快速炖锅的熟成时间。""}",同锅炒香洋葱与蒜｜大豆蛋白块与红扁豆同锅软化｜加入量化沸水｜最后5分钟加入西兰花煮至刚熟,1大份使用大豆蛋白块40克、红扁豆80克、西兰花250克、沸水500克｜所有留在成品中的液体按份数等比例缩放并列入食材表,红扁豆必须煮至软烂无硬芯｜大豆蛋白块必须吸水变软并彻底加热,30,quick｜pantry｜batch,1,complete,pending,
6,chicken-black-eyed-pea-stew,鸡肉黑眼豆番茄饭锅,approved,香辣炖锅风味,family-rice-legume-pot,饭锅,大米,黑眼豆（罐头沥干）｜鸡肉｜番茄｜洋葱,黑眼豆（罐头沥干）,植物油｜胡萝卜｜芹菜｜蒜｜姜｜辣椒｜咖喱粉｜柠檬汁｜鸡高汤,植物油｜胡萝卜｜蒜｜鸡高汤,鸡高汤,"{""slot"":""鸡肉替代"",""replaces"":[""鸡肉""],""allowed"":[""不放鸡肉""]}｜{""slot"":""炖煮液体"",""replaces"":[""鸡高汤""],""allowed"":[""蔬菜高汤"",""水""]}","{""ingredients"":[""未预煮干黑眼豆""],""reason_type"":""timing"",""reason"":""干豆不预煮会与米饭和鸡肉的熟成时间错位。""}｜{""ingredients"":[""大量叶菜"",""高含水瓜类""],""reason_type"":""texture_water"",""reason"":""这道饭锅已按高汤与番茄控制总液体，额外大量出水食材会使米饭过软。""}",同锅炒香根茎菜｜加入罐头沥干黑眼豆｜合锅慢炖｜最后调味,原始来源一杯大米配约两杯罐头黑眼豆｜一杯大米配约四杯高汤与番茄液体,鸡肉必须持续炖至中心完全熟透｜只使用罐头沥干或已充分煮熟的黑眼豆,40,pantry｜fresh｜batch,1,complete,pending,
7,lentil-potato-tomato-curry,扁豆土豆番茄咖喱,approved,印度风味,family-legume-vegetable-stew,炖锅,,红扁豆｜土豆｜番茄,红扁豆,黄油｜橄榄油｜月桂叶｜姜黄｜辣椒粉｜综合香料｜蜂蜜,植物油｜月桂叶｜姜黄｜综合香料,水,"{""slot"":""煎香油脂"",""replaces"":[""黄油""],""allowed"":[""植物油"",""人造黄油""]}｜{""slot"":""微甜平衡"",""replaces"":[""蜂蜜""],""allowed"":[""白糖"",""不加甜味""]}","{""ingredients"":[""整粒鹰嘴豆"",""大块南瓜""],""reason_type"":""timing"",""reason"":""硬豆或过大根茎会让成菜时间明显偏离红扁豆基准。""}",同锅炒香土豆和香料｜加入番茄和红扁豆｜加入量化水同锅炖熟｜取出月桂叶,红扁豆与水体积约为1:4，生成时水必须换算成数字克数｜土豆切小块以便与红扁豆同步熟成,土豆要炖至中心无硬芯｜月桂叶整片下锅时食用前取出,30,pantry｜fresh｜batch,1,complete,pending,
8,shakshuka-tomato-egg,番茄甜椒炖蛋,approved,中东风味,family-tomato-egg-pot,炖锅,,鸡蛋｜番茄｜甜椒,甜椒,橄榄油｜甜椒粉｜蒜｜辣椒｜黑胡椒｜欧芹,橄榄油｜甜椒粉｜蒜｜黑胡椒,,"{""slot"":""甜椒颜色"",""replaces"":[""甜椒""],""allowed"":[""红甜椒"",""黄甜椒""]}｜{""slot"":""辣味"",""replaces"":[""辣椒""],""allowed"":[""辣椒粉"",""不放辣""]}","{""ingredients"":[""大量高含水叶菜"",""冷冻蔬菜未沥水""],""reason_type"":""texture_water"",""reason"":""额外水分会让番茄酱底过稀，鸡蛋难以定型。""}",甜椒炒软｜番茄收汁｜每个鸡蛋单独挖窝｜小火炖至蛋白蛋黄完全凝固,原始来源使用六个番茄、一个大甜椒和六个鸡蛋；生产版每1份使用3个中等鸡蛋，去壳约150克，番茄300克、甜椒100克，按份数同比缩放｜窝数必须等于鸡蛋数，每个鸡蛋单独挖窝；酱底先收浓再放鸡蛋,鸡蛋必须熟透，蛋白和蛋黄完全凝固且不得流心｜接触生蛋液的器具不要直接接触熟食,25,quick｜pantry｜fresh,1,complete,pending,
9,texas-beef-chili,德州风味牛肉辣炖锅,approved,美国德州风味,family-legume-vegetable-stew,炖锅,,牛肉（粗绞）｜干辣椒,牛肉（粗绞）｜干辣椒,植物油｜牛至｜孜然｜辣椒粉｜蒜｜玉米粉｜辣椒酱,植物油｜牛至｜孜然｜玉米粉,水,"{""slot"":""炖煮肉类"",""replaces"":[""牛肉""],""allowed"":[""鹿肉""]}｜{""slot"":""收稠材料"",""replaces"":[""玉米粉""],""allowed"":[""碎玉米片""]}","{""ingredients"":[""番茄"",""豆类"",""大量甜椒"",""大量鲜辣椒""],""reason_type"":""taste"",""reason"":""这条德州风味基线以肉和少量干辣椒为核心，不把番茄、豆类或大量鲜辣椒混成另一家族。""}",粗绞牛肉同锅炒散5分钟｜加入干辣椒后加盖快炖20分钟｜分段调香｜用总水量中预留的水调玉米粉浆收稠5分钟,原始来源约1.3千克牛肉配4个干辣椒并供6至8份；40分钟生产版每1份使用粗绞牛肉200克、干辣椒3克、玉米粉5克、水50克，按份数同比缩放｜总水和预留水同时缩放：1份水50克、留10克；2份水100克、留20克；4份水200克、留40克；剩余水用于炖煮，不得另加水,粗绞牛肉必须炒散并炖至完全熟透，40分钟版不得使用难以软烂的牛肉块｜处理辣椒后洗手并避免触碰眼睛,40,fresh｜batch,1,complete,pending,
10,kari-ayam-coconut-chicken,印尼椰香鸡肉咖喱,approved,印尼风味,family-coconut-curry,咖喱锅,,鸡肉｜椰奶｜红葱头,椰奶｜红葱头,蒜｜姜｜香茅｜石栗｜青柠叶｜姜黄｜南姜｜棕榈糖｜辣椒｜虾酱,蒜｜姜｜香茅｜姜黄,椰奶,"{""slot"":""主蛋白"",""replaces"":[""鸡肉""],""allowed"":[""鱼肉"",""虾仁"",""羊肉""]}｜{""slot"":""葱香"",""replaces"":[""红葱头""],""allowed"":[""洋葱""]}","{""ingredients"":[""印度咖喱粉"",""大量番茄""],""reason_type"":""taste"",""reason"":""这条印尼风味依赖鲜香料酱与椰奶，不以咖喱粉或番茄作主味。""}",香料磨酱｜炒香料酱｜鸡肉煎色｜椰奶小炖,约450克鸡肉配240毫升椰奶｜椰奶加入后保持轻沸而非猛烈翻滚,鸡肉中心必须完全熟透｜换用鱼虾时按食材调整时间并确保彻底熟透｜含虾酱版本须明确甲壳类过敏原,40,fresh｜batch,1,complete,pending,
11,basic-risotto,基础意式烩饭,approved,意大利风味,family-risotto,烩饭,,意式烩饭米｜洋葱｜高汤｜黄油,意式烩饭米｜高汤｜黄油,白葡萄酒｜橄榄油｜帕玛森奶酪｜黑胡椒｜香草,白葡萄酒｜帕玛森奶酪｜黑胡椒｜香草,高汤,"{""slot"":""烩饭米"",""replaces"":[""意式烩饭米""],""allowed"":[""阿博里奥米"",""卡纳罗利米""]}｜{""slot"":""白葡萄酒"",""replaces"":[""白葡萄酒""],""allowed"":[""不放白葡萄酒""]}","{""ingredients"":[""一次倒入全部高汤"",""未焯水的大块土豆""],""reason_type"":""timing"",""reason"":""液体和难熟配料失控会破坏逐次吸收的烩饭节奏。""}",洋葱轻炒｜米粒短炒｜分次添汤｜黄油收尾,原始来源约400克米准备至少1升热高汤；生产版每1份使用意式烩饭米100克、高汤250克，按份数同比缩放｜每次只添少量高汤，吸收后再续；不得把1升原量直接套到2份,高汤全程保持热而不过度沸腾｜含酒版本需充分加热挥发并明确不适用人群,35,fresh｜pantry,1,complete,pending,
12,rice-cabbage-minestrone,米粒卷心菜杂蔬汤,approved,意大利风味,family-minestrone,浓汤,大米,卷心菜｜高汤,高汤,火腿｜番茄酱,火腿｜番茄酱,高汤,"{""slot"":""汤底"",""replaces"":[""高汤""],""allowed"":[""蔬菜高汤"",""鸡高汤""]}｜{""slot"":""咸鲜配料"",""replaces"":[""火腿""],""allowed"":[""白豆"",""不放肉""]}","{""ingredients"":[""大量生米"",""大量面条""],""reason_type"":""texture_water"",""reason"":""淀粉主食过多会吸干汤汁，让汤变成稠饭。""}",高汤煮生米至半熟｜加入卷心菜煮软｜火腿番茄同锅调味｜煮至米粒熟透,高汤应能没过卷心菜并满足生米吸水｜生米只作少量增稠，不占汤体主体,火腿加入后要再次煮透｜生米必须煮至熟透无硬芯,30,pantry｜quick｜batch,1,complete,pending,
13,shanghai-salted-pork-vegetable-rice,上海奉贤咸肉菜饭,auto_approved,上海本帮,family-jiangnan-vegetable-rice,焖饭,大米,咸五花肉｜小白菜,,香葱,香葱,水,"{""slot"":""叶菜"",""replaces"":[""小白菜""],""allowed"":[""菜心""]}","{""ingredients"":[""未充分加热的肉类""],""reason_type"":""safety"",""reason"":""会破坏本配方的熟制安全要求。""}",咸肉与米同锅起香后加入量好的液体。｜米饭接近熟透时再加入叶菜并焖至软化。,每100克精白米使用125至140克可用总液体。｜咸肉先试味，再决定是否补盐。,咸肉中心必须彻底熟透后才可食用。｜未尝咸肉前不得额外加盐，避免盐度失控。｜叶菜后段加入，避免长时间受热而大量出水。,40,pantry｜fresh｜batch,1,complete,pending,
14,suzhou-salted-pork-vegetable-rice,苏州青菜咸肉饭,auto_approved,苏帮,family-jiangnan-vegetable-rice,焖饭,大米,咸五花肉｜小白菜,,鲜香菇,鲜香菇,水,"{""slot"":""叶菜"",""replaces"":[""小白菜""],""allowed"":[""菜心""]}","{""ingredients"":[""未充分加热的肉类""],""reason_type"":""safety"",""reason"":""会破坏本配方的熟制安全要求。""}",先将咸肉充分加热，再与米和量定液体同锅完成主体焖煮。｜叶菜在后段加入，并观察其出水对锅内湿度的影响。,米与可用液体以本轮试做记录校准，不预设公开标准配比。｜咸肉经加热和尝味后才决定是否补盐。,咸肉必须完全熟制、中心热透后才可食用。｜必须先尝咸肉与锅内底味，未尝味不得补盐。｜记录咸肉析出的脂肪，再决定是否添加其他油脂。｜叶菜后段加入；出现明显积液时停止把该轮作为口感依据。｜叶菜和可选食用菌必须有明确食品名称及可食用购买来源。,40,pantry｜fresh｜batch,1,complete,pending,
15,nanjing-cured-pork-greens-rice,南京矮脚黄腊肉菜饭,auto_approved,南京菜,family-jiangnan-vegetable-rice,焖饭,大米,腊五花肉｜矮脚黄,,鲜香菇,鲜香菇,水,"{""slot"":""青菜"",""replaces"":[""矮脚黄""],""allowed"":[""小油菜""]}","{""ingredients"":[""未充分加热的肉类""],""reason_type"":""safety"",""reason"":""会破坏本配方的熟制安全要求。""}",先将腊肉加热至完全熟制，再加入米和量定液体焖煮。｜青菜在后段加入，结束前检查锅内无过量游离水。,液体只以本轮米和青菜含水记录校准。｜腊肉尝味后才决定是否补盐。,腊肉必须完全熟制、中心热透后才可食用。｜必须先尝腊肉和锅内底味，再决定是否补盐。｜先记录腊肉出油，再决定是否补油。｜青菜必须后段加入并记录出水；锅内有明显积液时不得认定该轮合格。｜青菜和可选食用菌须记录明确食品名称与购买来源。,40,pantry｜fresh｜batch,1,complete,pending,
16,nanjing-sausage-greens-rice,南京矮脚黄香肠菜饭,auto_approved,南京菜,family-jiangnan-vegetable-rice,焖饭,大米,广式腊肠｜矮脚黄,,白胡椒,白胡椒,水,"{""slot"":""青菜"",""replaces"":[""矮脚黄""],""allowed"":[""小油菜""]}","{""ingredients"":[""未充分加热的肉类""],""reason_type"":""safety"",""reason"":""会破坏本配方的熟制安全要求。""}",香肠切片后与米同锅加热，使其脂香进入米粒。｜米饭接近熟透时加入青菜并焖至断生。,每100克精白米使用125至140克可用总液体。｜除非香肠明显偏瘦，否则不另加食用油。,香肠中心必须彻底加热后才可食用。｜先观察香肠出油量，再决定是否补油。｜青菜后段加入并保持锅内无明显积水。,35,pantry｜fresh｜batch,1,complete,pending,
17,nanjing-duck-greens-rice,南京矮脚黄板鸭菜饭,auto_approved,南京菜,family-jiangnan-vegetable-rice,焖饭,大米,包装熟制板鸭（去骨）｜矮脚黄,包装熟制板鸭（去骨）,鲜香菇,鲜香菇,水,"{""slot"":""青菜"",""replaces"":[""矮脚黄""],""allowed"":[""小白菜""]}","{""ingredients"":[""未充分加热的肉类""],""reason_type"":""safety"",""reason"":""会破坏本配方的熟制安全要求。""}",先核对熟制鸭肉的包装或来源记录及可食部分，再将其在锅中彻底复热。｜米饭主体接近熟透时加入青菜，完成后检查锅内湿度。,液体以米、鸭肉附带汁液和青菜出水的实际记录确定。｜鸭肉尝味后才决定是否补盐。,必须留存熟制鸭可食部分的来源、熟制安全信息和去骨去不可食部分检查；无法证明时不得使用。｜鸭肉必须在同锅中彻底复热、热透后才可食用。｜必须先尝鸭肉和锅内底味，再决定是否补盐。｜记录鸭肉及其附带油脂的析出，再决定是否补油。｜青菜后段加入并记录出水，避免锅内残留明显积液。｜青菜和可选食用菌必须记录食品名称与购买来源。,35,pantry｜fresh｜batch,1,complete,pending,
18,jinshan-clay-oven-vegetable-rice,金山土灶菜饭,auto_approved,上海本帮,family-jiangnan-vegetable-rice,菜饭,大米,小白菜,,鲜香菇,鲜香菇,水,"{""slot"":""叶菜"",""replaces"":[""小白菜""],""allowed"":[""菜心""]}","{""ingredients"":[""未列入标准边界的高含水食材""],""reason_type"":""texture_water"",""reason"":""额外出水会破坏本配方的定量控湿规则。""}",米与量好的液体先完成主体焖煮。｜叶菜在后段加入，新鲜食用菌仅在确认可食用且状态良好后使用。,每100克大米先预留120至140克可用总液体，并按叶菜出水情况记录调整。,叶菜必须后段加入，避免长时间受热出水。｜不得把叶菜出的水另行汇入锅中，起锅前检查无积液。,35,pantry｜fresh,1,complete,pending,
19,taiwan-cabbage-mushroom-rice,高丽菜香菇炊饭,auto_approved,台湾家常,family-southern-savory-rice,炊饭,大米,卷心菜｜鲜香菇,,老豆腐｜番茄｜玉米｜植物油,老豆腐｜番茄｜玉米｜植物油,水,"{""slot"":""叶菜"",""replaces"":[""卷心菜""],""allowed"":[""白菜"",""大白菜""]}｜{""slot"":""鲜菇或虾仁"",""replaces"":[""鲜香菇""],""allowed"":[""白玉菇"",""平菇"",""金针菇"",""虾仁""]}","{""ingredients"":[""未列入标准边界的高含水食材""],""reason_type"":""texture_water"",""reason"":""额外出水会破坏本配方的定量控湿规则。""}",先观察叶菜、番茄与鲜菇或虾仁的含水状态，再量定锅内液体。｜大米、番茄和计量水先同锅炊煮；使用鲜菇时与大米同煮，使用虾仁替代时在米饭接近熟透后加入白菜、玉米和虾仁，加盖焖至虾仁完全熟透、中心不透明且米粒无硬芯。,不使用番茄时，每100克大米的总液体以120至145克为记录起点，必须在评估叶菜和鲜菇含水后才最终确定。｜使用番茄虾仁杂蔬版本时，每100克大米配番茄100克、白菜60克、玉米50克、虾仁80克和水80克，按份数同比缩放，不得再加其他汤水。,未评估叶菜、番茄和鲜菇出水前不得固定加液量。｜若使用豆腐，必须加热至全程热透后再食用。｜若以虾仁替换鲜香菇，必须在米饭接近熟透时加入，并在同一口锅中加热至虾仁完全熟透、中心不透明后才可食用。,35,pantry｜fresh｜batch,1,complete,pending,
20,quanzhou-oil-rice,泉州浥饭（油饭）,auto_approved,闽南,family-southern-savory-rice,糯米饭,,泡发糯米｜猪肉末｜鲜香菇,泡发糯米,香葱,香葱,水,"{""slot"":""猪肉"",""replaces"":[""猪肉末""],""allowed"":[""去皮鸡腿肉"",""老豆腐""]}","{""ingredients"":[""未充分加热的肉类""],""reason_type"":""safety"",""reason"":""会破坏本配方的熟制安全要求。""}",猪肉和香菇先在锅中加热出香。｜加入泡发糯米与量好的液体，焖至米粒软糯。,每100克泡发糯米使用90至110克高汤或清水。｜首轮试做排除干制海产，待过敏原审核后再单独评估。,猪肉必须完全熟制，中心不得留生。｜首轮不得加入干制海产或其他未审核海鲜。｜起锅前检查锅底无游离液体且糯米不夹生。,45,pantry｜fresh｜batch,1,complete,pending,
21,fujian-gai-cai-minced-pork-rice,福建盖菜肉末咸饭,auto_approved,闽菜,family-southern-savory-rice,咸饭,大米,芥菜｜猪肉末,,香菇,香菇,水,"{""slot"":""蛋白质"",""replaces"":[""猪肉末""],""allowed"":[""老豆腐"",""去皮鸡腿肉末""]}","{""ingredients"":[""未充分加热的肉类""],""reason_type"":""safety"",""reason"":""会破坏本配方的熟制安全要求。""}",肉末或豆腐先在锅中加热至适宜熟制状态。｜加入米和量好的液体焖煮，芥菜在后段加入。,每100克大米使用125至145克可用总液体。｜芥菜尝味前不设定额外加盐量。,使用猪肉时必须彻底熟制，中心不得留生。｜必须先尝芥菜及锅内底味，再决定是否补盐。,35,pantry｜fresh,1,complete,pending,
22,fujian-hyacinth-bean-rice,福建扁豆饭,auto_approved,闽菜,family-southern-savory-rice,焖饭,大米,扁豆,扁豆,鲜香菇,鲜香菇,水,"{""slot"":""新鲜食用菌"",""replaces"":[""鲜香菇""],""allowed"":[""平菇"",""口蘑""]}","{""ingredients"":[""夹生豆类""],""reason_type"":""safety"",""reason"":""会破坏本配方的熟制安全要求。""}",先核对并记录扁豆的购买标签或品种说明。｜扁豆先充分加热，再与米和量好的液体同锅完成焖煮。,每100克大米使用125至145克可用总液体，并把豆类预处理产生的水分单独记录。,扁豆品种或商品标识必须留存记录，不明豆类不得替代。｜扁豆必须完全熟透后才可食用。,40,pantry｜fresh｜batch,1,complete,pending,
23,hainan-cai-bao-rice,海南定安菜包饭,auto_approved,海南菜,family-southern-savory-rice,包饭,大米,生菜｜胡萝卜,生菜,老豆腐,老豆腐,水,"{""slot"":""叶片包材"",""replaces"":[""生菜""],""allowed"":[""白菜叶""]}","{""ingredients"":[""未列入标准边界的高含水食材""],""reason_type"":""texture_water"",""reason"":""额外出水会破坏本配方的定量控湿规则。""}",先核对叶片身份、可食性和食品级来源。｜将蔬菜馅完全加热后，与熟米饭包入清洁叶片中。,每100克生米使用125至145克可用总液体，叶片只作包材且不计入焖煮液体。,叶片必须确认物种身份、可食用性和食品级来源；无法确认时不得使用。｜蔬菜馅和可选豆腐必须完全加热熟透后再包制。,40,fresh｜batch,1,complete,pending,
24,daxi-lotus-leaf-oil-rice,大溪荷叶油饭,auto_approved,台湾客家,family-southern-savory-rice,荷叶包糯米饭,,糯米｜猪肉末｜食品级干荷叶,糯米｜食品级干荷叶,鲜香菇,鲜香菇,水,"{""slot"":""荷叶包材"",""replaces"":[""食品级干荷叶""],""allowed"":[""食品级白菜叶""]}","{""ingredients"":[""未充分加热的肉类""],""reason_type"":""safety"",""reason"":""会破坏本配方的熟制安全要求。""}",先核对荷叶的食品级、清洁状态和植物身份；荷叶只作包材与增香。｜猪肉先加热至完全熟制，再与糯米包入荷叶蒸熟并检查湿度。,糯米吸水和蒸煮湿度只依据本轮记录校准。｜猪肉和油脂的盐度须经尝味后再决定是否补盐。,荷叶必须有明确植物身份、食品级和清洁购买来源；无法确认时不得使用，且仅作香气包材。｜猪肉必须完全熟制、中心热透后才可食用。｜必须先尝猪肉和锅内底味，再决定是否补盐。｜记录猪肉析出脂肪及任何额外油脂，再决定下一轮调整。｜必须记录糯米吸水、包裹后湿度和成品是否有明显积液。,45,pantry｜fresh｜batch,1,complete,pending,
25,cantonese-cured-meat-claypot-rice,广式腊味煲仔饭,auto_approved,粤菜,family-covered-pot-rice,加盖焖饭,大米,广式腊肠｜菜心,,鲜香菇,鲜香菇,水,"{""slot"":""叶菜"",""replaces"":[""菜心""],""allowed"":[""小白菜""]}","{""ingredients"":[""未充分加热的肉类""],""reason_type"":""safety"",""reason"":""会破坏本配方的熟制安全要求。""}",仅使用普通带盖锅；先将腊味肉制品加热透。｜米饭主体完成后加入叶菜，并以锅底湿度记录下一轮调整。,以普通带盖锅的实际蒸发和食材含水记录校准液体。｜腊味尝味后才决定是否补盐。,腊味肉制品必须加热至完全熟透、中心热透后才可食用。｜只使用普通带盖锅，不得宣称或模拟煲仔锅复刻。｜必须先尝腊味和锅内底味，再决定是否补盐。｜先记录腊味出油，再决定是否添加其他油脂。｜叶菜后段加入；锅内有明显游离水时须记录为湿度问题。｜叶菜和可选食用菌必须记录食品名称与购买来源。,40,pantry｜fresh,1,complete,pending,
26,cantonese-mushroom-chicken-claypot-rice,广式香菇滑鸡煲仔饭,auto_approved,粤菜,family-covered-pot-rice,加盖焖饭,大米,去皮鸡腿肉｜鲜香菇,,小白菜,小白菜,水,"{""slot"":""食用菌"",""replaces"":[""鲜香菇""],""allowed"":[""平菇"",""白玉菇""]}","{""ingredients"":[""未充分加热的肉类""],""reason_type"":""safety"",""reason"":""会破坏本配方的熟制安全要求。""}",先核对鸡肉部位、可食部分和原料状态，再同锅加热。｜米饭完成前加入食用菌，并记录其出水和成品湿度。,液体只根据本轮米、鸡肉和食用菌含水记录校准。｜未完成鸡肉与食用菌记录时不得将该轮作为标准。,必须记录鸡肉部位、可食部分、购买来源和原始生熟状态；身份或可食性不明不得使用。｜鸡肉中心必须完全熟制、无生肉状态后才可食用，并留存检查记录。｜食用香菇须记录食品名称、来源、原始含水和加热出水；明显积液时不得认定该轮质地合格。｜成品仅限当餐食用；如需留存，必须记录冷却、冷藏和再次加热状态，未记录不得留存。,40,fresh｜batch,1,complete,pending,
27,cantonese-black-bean-pork-rib-claypot-rice,广式豆豉排骨煲仔饭,auto_approved,粤菜,family-covered-pot-rice,加盖焖饭,大米,猪肋排｜豆豉,豆豉,鲜香菇,鲜香菇,水,"{""slot"":""猪肉"",""replaces"":[""猪肋排""],""allowed"":[""去骨猪腿肉""]}","{""ingredients"":[""未充分加热的肉类""],""reason_type"":""safety"",""reason"":""会破坏本配方的熟制安全要求。""}",先逐块检查猪肋排骨片和可食部分，再加热至完全熟制。｜豆豉仅作为经记录的咸味来源加入，起锅前复核锅内湿度。,豆豉先尝味并记录盐度，再决定是否加入其他咸味配料。｜液体只按本轮排骨、米和配料含水记录调整。,必须记录肋排骨片检查和成品复查；发现碎骨、锐骨或不可食部分时不得食用。｜猪肉中心必须完全熟制、无生肉状态后才可食用，并留存检查记录。｜食品级豆豉必须记录来源和尝味结果；未尝味不得补加盐或其他高盐调味料。｜成品仅限当餐食用；留存必须记录冷却、冷藏和再次加热状态。,45,fresh｜batch,1,complete,pending,
28,xinjiang-lamb-pilaf,新疆羊肉抓饭,auto_approved,新疆菜,family-northwest-grain-rice,焖饭,大米,羊腿肉｜洋葱｜胡萝卜,,葡萄干,葡萄干,水,"{""slot"":""羊肉部位"",""replaces"":[""羊腿肉""],""allowed"":[""羊肩肉""]}","{""ingredients"":[""未充分加热的肉类""],""reason_type"":""safety"",""reason"":""会破坏本配方的熟制安全要求。""}",羊肉块先加热至熟制，再加入洋葱与胡萝卜形成焖煮底味。｜量取可用焖煮液体后加入大米，焖至米粒熟透。,羊肉熟制后，每100克大米使用135至150克可用焖煮液体。｜水果或坚果仅可在完成过敏原审核后作为可选项加入。,试做前记录羊肉部位、可食部分、购买来源和原始生熟状态；身份或状态不明的羊肉不得使用。｜羊肉中心必须完全熟制、无生肉状态，并保留熟制检查记录。｜水果或坚果必须记录完整成分和过敏原信息；未完成审核时不得加入。｜成品仅限当餐食用；需保存时必须记录冷却、冷藏和再次加热处理。｜液体比例以羊肉熟制后的可用余液为基准，不得按生肉阶段估算。,50,pantry｜fresh｜batch,1,complete,pending,
29,xinjiang-vegetable-pilaf,新疆素抓饭,auto_approved,新疆菜,family-northwest-grain-rice,焖饭,大米,洋葱｜胡萝卜,,熟鹰嘴豆,熟鹰嘴豆,水,"{""slot"":""胡萝卜"",""replaces"":[""胡萝卜""],""allowed"":[""黄胡萝卜"",""红萝卜""]}","{""ingredients"":[""未列入标准边界的高含水食材""],""reason_type"":""texture_water"",""reason"":""额外出水会破坏本配方的定量控湿规则。""}",洋葱和胡萝卜先在锅中加热形成底味并观察含水。｜米与量好的液体焖熟，熟鹰嘴豆仅在后段加热透。,每100克大米使用120至145克可用总液体，必须记录洋葱与胡萝卜的实际出水。,鹰嘴豆只能使用已经完全煮熟的成品，并在锅中再次加热透。｜最终液体必须在记录洋葱和胡萝卜出水后确定。,40,pantry｜fresh｜batch,1,complete,pending,
30,shaanbei-red-date-cowpea-rice,陕北红枣豇豆焖饭,auto_approved,陕北菜,family-northwest-grain-rice,焖饭,大米,去核红枣｜豇豆,豇豆,小米,小米,水,"{""slot"":""主粮"",""replaces"":[""大米""],""allowed"":[""小米"",""大米与小米混合""]}","{""ingredients"":[""夹生豆类""],""reason_type"":""safety"",""reason"":""会破坏本配方的熟制安全要求。""}",逐颗确认红枣去核，豇豆先加热至安全熟制。｜加入主粮与量好的液体同锅焖至熟透。,每100克主粮使用130至155克可用总液体，红枣的浸润水分须计入记录。,豇豆必须完全熟透后才可食用。｜红枣必须逐颗确认已去核，发现枣核即停止食用。,45,pantry｜batch,1,complete,pending,
31,qinghai-hao-fan,青海熬饭风味家庭适配版,auto_approved,河湟饮食,family-northwest-grain-rice,熬煮饭,,小米｜土豆｜熟鹰嘴豆,,小白菜,小白菜,水,"{""slot"":""豆类"",""replaces"":[""熟鹰嘴豆""],""allowed"":[""熟白芸豆""]}","{""ingredients"":[""夹生豆类""],""reason_type"":""safety"",""reason"":""会破坏本配方的熟制安全要求。""}",逐项核对谷物、土豆、豆类和叶菜的食品名称、来源及原始状态。｜持续熬煮至土豆和豆类均无硬芯，再记录稠度。,稠度只以本轮谷物、土豆和豆类吸水记录调整。｜首轮不加入任何未经身份与可食性核验的区域植物。,条目名称与展示必须明确写为“青海熬饭风味家庭适配版”；本家庭适配版不声称复刻青海熬饭的传统成品。｜每种主料必须记录明确食品名称、购买来源和可食用依据；身份不明或未经核验的区域植物不得使用。｜土豆必须熟透、无硬芯后才可食用，并留存原始状态与熟制检查。｜豆类及可选叶菜必须记录过敏原或不耐受声明；未声明不得作为试做对象。｜成品仅限当餐食用；留存必须记录冷却、冷藏和再次加热状态。,45,pantry｜fresh｜batch,1,complete,pending,
32,shanxi-potato-rice,山西岚县土豆饭,auto_approved,晋菜,family-northwest-grain-rice,焖饭,大米,土豆,,小白菜,小白菜,水,"{""slot"":""主粮"",""replaces"":[""大米""],""allowed"":[""小米"",""燕麦米""]}","{""ingredients"":[""夹生豆类""],""reason_type"":""safety"",""reason"":""会破坏本配方的熟制安全要求。""}",土豆切成大小一致的块，与主粮及量好的液体同锅焖煮。｜临近完成时检查锅底和土豆中心，叶菜仅在后段加入。,每100克主粮使用130至160克可用总液体，土豆的切块大小须与熟透检查一并记录。,土豆中心必须完全熟透，不得有硬芯。｜焖煮期间须按锅具特性检查锅底，出现粘锅或焦糊征兆即停止加热并记录。,40,pantry｜batch,1,complete,pending,
33,shanxi-nitun-millet-rice,山西泥屯小米饭,auto_approved,晋菜,family-northwest-grain-rice,小米饭,,小米｜土豆,,熟鹰嘴豆｜小白菜,熟鹰嘴豆｜小白菜,水,"{""slot"":""可选配料"",""replaces"":[""小白菜""],""allowed"":[""熟鹰嘴豆""]}","{""ingredients"":[""夹生豆类""],""reason_type"":""safety"",""reason"":""会破坏本配方的熟制安全要求。""}",小米洗净后与量好的液体和土豆同锅加热。｜可选熟豆类或叶菜只在主体接近熟透时加入并加热透。,每100克小米使用160至200克可用总液体，每轮必须原样记录小米与液体重量。,土豆必须达到可轻易压碎的熟透状态。｜未记录小米重量、液体重量和土豆熟度的试做不得进入下一轮调整。,40,pantry｜batch,1,complete,pending,
34,tibetan-savory-congee,藏式咸稀饭风味家庭适配版,auto_approved,藏族饮食,family-regional-grain-specialties,稀饭,大米,牛奶,牛奶,小白菜,小白菜,水,"{""slot"":""乳制品"",""replaces"":[""牛奶""],""allowed"":[""无糖豆浆（有明确成分标签）""]}","{""ingredients"":[""未列入标准边界的高含水食材""],""reason_type"":""texture_water"",""reason"":""额外出水会破坏本配方的定量控湿规则。""}",先核对乳制品或替代品的成分、过敏原和原始状态。｜小火煮至谷物熟软并记录成品状态，不把未记录的留存样品作为评价依据。,稠度和咸味只依据本轮试做记录调整。｜乳制品或替代品未完成过敏原范围声明时不得加入。,条目名称与展示必须明确写为“藏式咸稀饭风味家庭适配版”；本家庭适配版不声称复刻藏式咸稀饭的传统成品。｜使用乳制品时必须明确乳及相关过敏原范围；使用替代品时也必须记录完整成分和过敏原信息。｜谷物必须煮熟软、无硬芯并记录成品稠度与原始生熟状态。｜成品仅限当餐食用；如需留存，必须记录冷却、冷藏和再次加热状态，未记录不得留存。,45,pantry｜batch,1,complete,pending,
35,tibetan-gutu,古突风味家庭适配版,auto_approved,藏族饮食,family-regional-grain-specialties,面食汤,小麦面团,小白菜｜水,,鲜香菇,鲜香菇,水,"{""slot"":""蔬菜"",""replaces"":[""小白菜""],""allowed"":[""胡萝卜""]}","{""ingredients"":[""未列入标准边界的高含水食材""],""reason_type"":""texture_water"",""reason"":""额外出水会破坏本配方的定量控湿规则。""}",先记录面粉、蔬菜和食用菌的来源、原始状态及过敏原。｜将面团煮至内部无生粉后再加入蔬菜，完成后记录食用与留存状态。,面团状态和汤体稠度只按本轮记录调整。｜不加入节庆象征物、隐藏物或任何仪式性替代物。,条目名称与展示必须明确写为“古突风味家庭适配版”；不得宣称、模拟或复刻节庆仪式、象征物、占卜内容或传统成品。｜面团必须煮至内部无生粉、无夹生后才可食用，并记录原始状态与熟制检查。｜必须记录小麦及可选食用菌等食材的过敏原声明。｜成品仅限当餐食用；留存必须记录冷却、冷藏和再次加热状态。,45,pantry｜fresh,1,complete,pending,
36,tibetan-ginseng-fruit-rice,西藏人参果饭,auto_approved,藏族饮食,family-regional-grain-specialties,焖饭,大米,食品级蕨麻,食品级蕨麻,红枣,红枣,水,"{""slot"":""干果"",""replaces"":[""红枣""],""allowed"":[""葡萄干""]}","{""ingredients"":[""未列入标准边界的高含水食材""],""reason_type"":""texture_water"",""reason"":""额外出水会破坏本配方的定量控湿规则。""}",先核对蕨麻的准确食品名称、食品级标签、购买来源和原始状态。｜与谷物同锅加热至均熟，再记录口感和湿度。,蕨麻吸水和谷物熟制只以本轮记录调整。｜食品级蕨麻身份未核实前不得试做。,必须先确认蕨麻的准确食品名称、食品级标签、可食用依据和购买来源；身份不明不得使用。｜不得出现药用、保健、治疗或功效宣称。｜蕨麻与谷物必须熟透、无硬芯后才可食用，并记录原始状态与熟制检查。｜必须记录蕨麻、谷物和可选干果的过敏原声明；成品留存时必须记录冷却、冷藏和再次加热状态。,45,pantry｜batch,1,complete,pending,
37,guangxi-five-color-glutinous-rice,广西壮族五色糯米饭,auto_approved,壮族饮食,family-regional-grain-specialties,糯米饭,,糯米｜食品级紫薯粉｜食品级甜菜粉｜食品级菠菜粉｜食品级南瓜粉,糯米｜食品级紫薯粉｜食品级甜菜粉｜食品级菠菜粉｜食品级南瓜粉,椰奶,椰奶,水,"{""slot"":""着色方案"",""replaces"":[""食品级紫薯粉"",""食品级甜菜粉"",""食品级菠菜粉"",""食品级南瓜粉""],""allowed"":[""不加着色粉，改做原味糯米饭""]}","{""ingredients"":[""未列入标准边界的高含水食材""],""reason_type"":""texture_water"",""reason"":""额外出水会破坏本配方的定量控湿规则。""}｜{""ingredients"":[""不明植物色源""],""reason_type"":""safety"",""reason"":""着色原料必须是本条目列明且有食品级标签的粉料。""}",将糯米分为原色、紫薯粉、甜菜粉、菠菜粉和南瓜粉五份，逐一核对四种粉料的食品级标签、明确名称和来源。｜分别记录五份糯米的吸水状态后蒸熟，并保留颜色与口感观察。,每种颜色的浸润和蒸煮条件只按试做记录校准，不公布或假定传统标准。｜不得用装饰染料替代食品级色源。,紫薯粉、甜菜粉、菠菜粉和南瓜粉必须逐项确认食品级、可食用和来源可追溯；不得使用装饰染料或其他未列明色料。｜四种着色粉及可选椰奶均须记录明确食品名称、购买来源和配料标签。｜糯米必须蒸熟至无硬芯后才可食用。｜若有咸味配料，必须尝味后才决定是否补盐。｜若使用油脂，必须记录种类和加入决定；未记录不得归为无脂。｜必须分别记录各色糯米的吸水状态和成品干湿，避免以颜色掩盖夹生或过湿。,50,pantry｜batch,1,complete,pending,
38,she-people-black-rice,畲族乌饭风味家庭适配版,auto_approved,畲族饮食,family-regional-grain-specialties,糯米饭,,糯米｜食品级黑米色粉,糯米｜食品级黑米色粉,南瓜子,南瓜子,水,"{""slot"":""植物色源"",""replaces"":[""食品级黑米色粉""],""allowed"":[""食品级紫薯粉""]}","{""ingredients"":[""未列入标准边界的高含水食材""],""reason_type"":""texture_water"",""reason"":""额外出水会破坏本配方的定量控湿规则。""}｜{""ingredients"":[""不明植物色源""],""reason_type"":""safety"",""reason"":""色源必须是条目列明且有食品级标签的原料。""}",先核对植物色源的植物身份、食品级证明、来源和可食用依据。｜记录糯米浸泡与漂洗状态后蒸熟，检查无硬芯。,浸润、漂洗和蒸煮状态只按本轮记录调整。｜不得用装饰染料、身份不明叶片或未核验色源。,植物色源必须记录准确植物身份、食品级证明、购买来源和可食用依据；不明叶片或装饰染料不得使用。｜必须记录糯米浸泡、漂洗、原始状态及用水观察；未记录不得评价该轮。｜糯米必须蒸熟至无硬芯后才可食用。｜必须记录色源及可选坚果或种子的过敏原声明；成品留存时记录冷却、冷藏和再次加热状态。,45,pantry｜batch,1,complete,pending,
39,banshan-wild-rice,半山野米饭风味平菇焖饭,auto_approved,杭州菜,family-regional-grain-specialties,焖饭,大米,平菇,,鲜香菇,鲜香菇,水,"{""slot"":""食用菌"",""replaces"":[""平菇""],""allowed"":[""鲜香菇""]}","{""ingredients"":[""未列入标准边界的高含水食材""],""reason_type"":""texture_water"",""reason"":""额外出水会破坏本配方的定量控湿规则。""}",核对大米、平菇和可选鲜香菇的明确食品名称、购买来源和原始状态。｜大米与平菇同锅加热至米粒无硬芯、食用菌完全熟制，再记录湿度。,标准版使用平菇；只可按替代槽整体改用鲜香菇。｜大米与食用菌的含水只以本轮记录校准。,只可使用明确标示为平菇或鲜香菇的常见市售食用菌；不得采集或使用任何野采菌菇、野菜或其他野采食材。｜大米和食用菌必须加热至米粒无硬芯、菌菇完全熟制后才可食用。｜必须记录平菇或鲜香菇的食品名称、购买来源和过敏原声明。｜成品仅限当餐食用；留存必须记录冷却、冷藏和再次加热状态。,40,pantry｜fresh,1,complete,pending,
40,dai-pineapple-purple-rice,傣族菠萝紫米饭,auto_approved,傣族饮食,family-regional-grain-specialties,紫米饭,,紫米｜菠萝,紫米｜菠萝,椰奶,椰奶,水,"{""slot"":""水果"",""replaces"":[""菠萝""],""allowed"":[""芒果""]}","{""ingredients"":[""未列入标准边界的高含水食材""],""reason_type"":""texture_water"",""reason"":""额外出水会破坏本配方的定量控湿规则。""}",先完成紫米主体熟制，再在后段加入菠萝并观察出水。｜椰浆或椰子制品仅在已声明椰子过敏原时作为可选项使用。,液体以紫米预处理和菠萝出水的实际记录校准。｜如使用椰浆或椰子制品，必须先完成过敏原声明。,菠萝必须后段加入并记录出水；出现明显积液时不得把该轮作为质地依据。｜如使用椰浆或其他椰子制品，必须明确声明椰子过敏原；未声明不得加入。｜紫米必须熟透、无硬芯后才可食用。｜菠萝、紫米和可选椰子制品均须记录食品名称与购买来源。｜如使用咸味配料，必须尝味后才决定是否补盐。｜椰浆或其他油脂如有使用，必须记录种类、加入决定和对口感的影响。,45,fresh｜batch,1,complete,pending,
41,guizhou-dong-community-rice,侗家社饭风味家庭适配版,auto_approved,侗族饮食,family-regional-grain-specialties,焖饭,大米,腊五花肉｜姜｜小白菜,姜,油麦菜,油麦菜,水,"{""slot"":""叶菜"",""replaces"":[""小白菜""],""allowed"":[""油麦菜""]}","{""ingredients"":[""未充分加热的肉类""],""reason_type"":""safety"",""reason"":""会破坏本配方的熟制安全要求。""}",腌肉与香辛料先在锅中加热出香。｜加入米和量好的液体焖制，叶菜在后段加入。,每100克大米使用125至140克可用总液体。｜首轮只使用普通叶菜，已核验可食用的地方叶菜才可进入后续试做。,条目名称与展示必须明确写为“侗家社饭风味家庭适配版”；本家庭适配版不声称为传统社饭或复刻传统成品。｜腌肉必须记录准确食品名称、食品级标签、购买来源和原始生熟状态；身份或状态不明不得使用。｜腌肉中心必须完全熟制、无生肉状态，并保留熟制检查记录。｜地方叶菜须记录准确植物身份、食品级证明、购买来源、可食用依据和原始状态；未核验不得用于试做。｜腌肉必须记录完整成分和过敏原信息，叶菜须完成过敏原声明；未完成审核不得加入。｜腌肉须核对食品级标签和来源并先尝味，再决定补加盐；不得忽略高盐风险。｜成品仅限当餐食用；需保存时必须记录冷却、冷藏和再次加热处理。,45,pantry｜fresh｜batch,1,complete,pending,
42,north-china-green-bean-braised-noodles,北方豆角焖面,auto_approved,北方家常,family-northern-braised-noodles,焖面,鲜小麦面条,豆角｜猪肉末,,蒜末,蒜末,水,"{""slot"":""蛋白质"",""replaces"":[""猪肉末""],""allowed"":[""老豆腐"",""去皮鸡腿肉""]}","{""ingredients"":[""未充分加热的肉类""],""reason_type"":""safety"",""reason"":""会破坏本配方的熟制安全要求。""}",先将豆角与蛋白质加热至完全熟制。｜铺入鲜小麦面条后加盖焖制，起锅前检查锅底湿度。,焖煮液体必须先量取，再分段加入。｜面条入锅前保留少量可见液体，避免干锅或面条泡烂。,豆角与肉类或豆腐必须在面条入锅前达到可安全食用的熟制状态。｜面条蒸焖结束前检查锅底，保持无焦糊且无大量游离液体。｜鲜面条应熟透但不糊断，必要时少量补液。,35,pantry｜fresh,1,complete,pending,
43,home-egg-fried-leftover-rice,家常鸡蛋炒剩饭,auto_approved,中式家常,family-home-fried-rice,炒饭,熟米饭,鸡蛋,,胡萝卜｜香葱,胡萝卜｜香葱,,"{""slot"":""蔬菜配料"",""replaces"":[""胡萝卜""],""allowed"":[""玉米"",""青菜""]}","{""ingredients"":[""室温久放的剩饭""],""reason_type"":""safety"",""reason"":""保存状态不明的剩饭不进入本配方。""}",同锅把鸡蛋炒至蛋白和蛋黄完全凝固后暂盛出。｜原锅炒散熟米饭和蔬菜，再回锅鸡蛋并将整锅充分复热。,每100克熟米饭配30至40克蛋液。｜每300克熟米饭使用不超过15克食用油。,只使用做熟后尽快冷却、一小时内冷藏且冷藏不超过一天的熟米饭。｜熟米饭必须充分复热且全锅中心达到74摄氏度。｜鸡蛋必须熟透，蛋白和蛋黄完全凝固，不得流心。,20,pantry｜quick｜comfort,1,complete,pending,
44,tomato-egg-stewed-leftover-rice,番茄鸡蛋烩剩饭,auto_approved,中式家常,family-home-stewed-rice,烩饭,熟米饭,番茄｜鸡蛋,,香葱,香葱,水,"{""slot"":""番茄"",""replaces"":[""番茄""],""allowed"":[""西红柿""]}","{""ingredients"":[""室温久放的剩饭""],""reason_type"":""safety"",""reason"":""保存状态不明的剩饭不进入本配方。""}",同锅把番茄煮出汤汁。｜加入熟米饭充分复热，淋入鸡蛋液并煮至蛋白和蛋黄完全凝固。,每100克熟米饭使用60至80克番茄汤汁。｜每100克熟米饭配25至35克蛋液。,只使用做熟后尽快冷却、一小时内冷藏且冷藏不超过一天的熟米饭。｜熟米饭必须充分复热且全锅中心达到74摄氏度。｜鸡蛋必须熟透，蛋白和蛋黄完全凝固，不得流心。,25,pantry｜quick｜comfort,1,complete,pending,
45,greens-egg-braised-leftover-rice,青菜鸡蛋焖剩饭,auto_approved,中式家常,family-home-braised-rice,焖饭,熟米饭,青菜｜鸡蛋,,香葱,香葱｜小白菜｜小油菜,水,"{""slot"":""叶菜"",""replaces"":[""青菜""],""allowed"":[""小白菜"",""小油菜""]}","{""ingredients"":[""室温久放的剩饭""],""reason_type"":""safety"",""reason"":""保存状态不明的剩饭不进入本配方。""}",同锅把鸡蛋炒至蛋白和蛋黄完全凝固后暂盛出。｜原锅放熟米饭和少量水加盖充分复热，再加入青菜与鸡蛋焖匀。,每100克熟米饭使用35至50克青菜。｜每100克熟米饭补入约20克水形成短时蒸汽。,只使用做熟后尽快冷却、一小时内冷藏且冷藏不超过一天的熟米饭。｜熟米饭必须充分复热且全锅中心达到74摄氏度。｜鸡蛋必须熟透，蛋白和蛋黄完全凝固，不得流心。,25,pantry｜quick｜comfort,1,complete,pending,
46,mushroom-egg-covered-leftover-rice,香菇鸡蛋焖剩饭,auto_approved,中式家常,family-home-covered-pot,饭锅,熟米饭,鲜香菇｜鸡蛋,,香葱,香葱｜口蘑｜平菇,水,"{""slot"":""食用菌"",""replaces"":[""鲜香菇""],""allowed"":[""口蘑"",""平菇""]}","{""ingredients"":[""室温久放的剩饭""],""reason_type"":""safety"",""reason"":""保存状态不明的剩饭不进入本配方。""}",同锅把鲜香菇炒软，并把鸡蛋炒至蛋白和蛋黄完全凝固。｜加入熟米饭和少量水，加盖焖至全锅充分复热。,每100克熟米饭使用约35克鲜食用菌。｜每100克熟米饭补入约20克水形成短时蒸汽。,只使用做熟后尽快冷却、一小时内冷藏且冷藏不超过一天的熟米饭。｜熟米饭必须充分复热且全锅中心达到74摄氏度。｜鸡蛋必须熟透，蛋白和蛋黄完全凝固，不得流心。,25,pantry｜quick｜comfort,1,complete,pending,
47,shrimp-egg-fried-leftover-rice,虾仁鸡蛋炒剩饭,auto_approved,中式家常,family-home-fried-rice,炒饭,熟米饭,虾仁｜鸡蛋,虾仁,玉米｜香葱,玉米｜香葱｜胡萝卜｜青豆,,"{""slot"":""蔬菜配料"",""replaces"":[""玉米""],""allowed"":[""胡萝卜"",""青豆""]}","{""ingredients"":[""室温久放的剩饭""],""reason_type"":""safety"",""reason"":""保存状态不明的剩饭不进入本配方。""}",同锅把虾仁炒至珠白不透明，并把鸡蛋炒至蛋白和蛋黄完全凝固后暂盛出。｜原锅炒散熟米饭，再回锅虾仁和鸡蛋并将整锅充分复热。,每100克熟米饭配约25克虾仁和30克蛋液。｜每300克熟米饭使用不超过15克食用油。,只使用做熟后尽快冷却、一小时内冷藏且冷藏不超过一天的熟米饭。｜熟米饭必须充分复热且全锅中心达到74摄氏度。｜虾仁必须由半透明变为珠白不透明；鸡蛋必须熟透，蛋白和蛋黄完全凝固，不得流心。,25,pantry｜quick｜fresh,1,complete,pending,
48,broccoli-beef-fried-rice,西兰花牛肉炒饭,auto_approved,中式家常,family-home-fried-rice,炒饭,熟米饭,西兰花｜牛肉,,洋葱,洋葱｜胡萝卜,,"{""slot"":""香味蔬菜"",""replaces"":[""洋葱""],""allowed"":[""胡萝卜""]}","{""ingredients"":[""大块牛肉""],""reason_type"":""timing"",""reason"":""过大肉块难以在炒饭时限内均匀达到中心安全终点。""}",同锅把切小片的牛肉炒至中心达到74摄氏度后暂盛出。｜原锅炒熟西兰花与熟米饭，再回锅牛肉翻匀。,每100克熟米饭配约30克牛肉和40克西兰花。｜每300克熟米饭使用不超过15克食用油。,牛肉中心必须达到74摄氏度且无生肉色。｜西兰花洗净后彻底受热，冷藏熟米饭使用时必须充分复热。,30,pantry｜quick｜fresh,1,complete,pending,
49,broccoli-beef-braised-rice,西兰花牛肉焖饭,auto_approved,中式家常,family-home-braised-rice,焖饭,大米,西兰花｜牛肉,,胡萝卜,胡萝卜｜玉米,水,"{""slot"":""配色蔬菜"",""replaces"":[""胡萝卜""],""allowed"":[""玉米""]}","{""ingredients"":[""大块牛肉""],""reason_type"":""timing"",""reason"":""肉块过大会使米饭熟度与肉类中心终点难以同步。""}",同锅加入大米、量好的水和切小块牛肉，加盖焖至接近熟透。｜后段加入西兰花，继续加盖至米饭熟透且牛肉中心达到74摄氏度。,每100克大米使用约135克可用总液体。｜每100克大米配约35克牛肉和45克西兰花。,牛肉中心必须达到74摄氏度且无生肉色。｜米饭不得夹生，西兰花洗净并彻底受热。,40,pantry｜fresh｜batch,1,complete,pending,
50,tomato-broccoli-beef-stewed-rice,番茄西兰花牛肉烩饭,auto_approved,中式家常,family-home-stewed-rice,烩饭,熟米饭,番茄｜西兰花｜牛肉,,洋葱,洋葱｜胡萝卜,水,"{""slot"":""香味蔬菜"",""replaces"":[""洋葱""],""allowed"":[""胡萝卜""]}","{""ingredients"":[""过量额外汤水""],""reason_type"":""texture_water"",""reason"":""额外汤水会稀释番茄汤汁并使熟米饭失去烩饭质地。""}",同锅把番茄、牛肉和量好的水煮至牛肉中心达到74摄氏度。｜加入熟米饭和西兰花，烩至米饭热透且西兰花熟软。,每100克熟米饭使用约70克番茄汤汁。｜每100克熟米饭配约30克牛肉和35克西兰花。,牛肉中心必须达到74摄氏度且无生肉色。｜整锅持续滚热，西兰花彻底受热后食用。,35,pantry｜comfort｜fresh,1,complete,pending,
51,broccoli-beef-soup-noodles,西兰花牛肉汤面,auto_approved,中式家常,family-home-soup-staple,汤面,面条,西兰花｜牛肉,,香葱,香葱｜挂面,水,"{""slot"":""面条"",""replaces"":[""面条""],""allowed"":[""挂面""]}","{""ingredients"":[""宽厚牛肉块""],""reason_type"":""timing"",""reason"":""宽厚肉块会延长汤面时间并增加中心未熟风险。""}",同锅把切小片的牛肉煮至中心达到74摄氏度。｜加入面条煮熟，后段加入西兰花煮至熟软。,每100克干面条使用约550克汤水。｜每100克干面条配约60克牛肉和80克西兰花。,牛肉中心必须达到74摄氏度且无生肉色。｜面条无硬芯，西兰花洗净并彻底受热。,30,pantry｜quick｜comfort,1,complete,pending,
52,potato-broccoli-beef-covered-rice,土豆西兰花牛肉饭锅,auto_approved,中式家常,family-home-covered-pot,饭锅,大米,土豆｜西兰花｜牛肉,,胡萝卜,胡萝卜｜玉米,水,"{""slot"":""配色蔬菜"",""replaces"":[""胡萝卜""],""allowed"":[""玉米""]}","{""ingredients"":[""发芽土豆""],""reason_type"":""safety"",""reason"":""发芽或明显变绿的土豆不进入本配方。""}",同锅加入大米、量好的水、切小块土豆和牛肉，加盖焖煮。｜接近熟透时加入西兰花，继续加盖至米饭、土豆熟透且牛肉中心达到74摄氏度。,每100克大米使用约140克可用总液体。｜土豆切小块并控制在每100克大米约50克。,牛肉中心必须达到74摄氏度且无生肉色。｜土豆无硬芯且不得使用发芽或明显变绿的土豆，米饭不得夹生。,45,pantry｜comfort｜batch,1,complete,pending,
53,greens-tofu-fried-rice,青菜豆腐炒饭,auto_approved,中式家常,family-home-fried-rice,炒饭,熟米饭,老豆腐｜青菜,,香葱,香葱｜小白菜｜小油菜,,"{""slot"":""叶菜"",""replaces"":[""青菜""],""allowed"":[""小白菜"",""小油菜""]}","{""ingredients"":[""嫩豆腐大块""],""reason_type"":""texture_water"",""reason"":""含水较高且易碎的豆腐不适合本炒饭结构。""}",同锅把老豆腐煎至表面定型。｜加入熟米饭炒热，后段加入青菜并炒至熟软。,每100克熟米饭配约45克老豆腐和35克青菜。｜每300克熟米饭使用不超过15克食用油。,老豆腐中心必须热透。｜青菜洗净并炒至熟软，冷藏熟米饭使用时必须充分复热。,25,pantry｜quick｜fresh,1,complete,pending,
54,cabbage-tofu-braised-rice,白菜豆腐焖饭,auto_approved,中式家常,family-home-braised-rice,焖饭,大米,老豆腐｜白菜,,鲜香菇,鲜香菇｜娃娃菜｜青菜,水,"{""slot"":""白菜"",""replaces"":[""白菜""],""allowed"":[""娃娃菜"",""青菜""]}","{""ingredients"":[""嫩豆腐大块""],""reason_type"":""texture_water"",""reason"":""含水过高且易碎的豆腐会影响焖饭含水与完整度。""}",同锅加入大米、量好的水与老豆腐，加盖焖煮。｜米饭接近熟透时加入白菜或用户提供的替代叶菜，继续焖至全部熟软。,每100克大米使用约130克可用总液体。｜每100克大米配约60克老豆腐和50克白菜或替代叶菜。,米饭不得夹生，老豆腐中心必须热透。｜白菜或替代叶菜须洗净并熟软。,35,pantry｜fresh｜batch,1,complete,pending,
55,tomato-tofu-stewed-rice,番茄青菜豆腐烩饭,auto_approved,中式家常,family-home-stewed-rice,烩饭,熟米饭,番茄｜老豆腐,,香葱｜青菜,香葱｜青菜｜西红柿,水,"{""slot"":""番茄"",""replaces"":[""番茄""],""allowed"":[""西红柿""]}","{""ingredients"":[""过量额外汤水""],""reason_type"":""texture_water"",""reason"":""额外液体会使番茄烩饭过稀。""}",同锅把番茄煮出汤汁并加入老豆腐热透。｜加入熟米饭烩至吸汁，使用青菜时后段加入并将全锅煮至滚热。,每100克熟米饭使用约70克番茄汤汁。｜每100克熟米饭配约50克老豆腐；使用青菜时控制在30至40克。,老豆腐中心必须热透，整锅持续滚热后食用。｜使用青菜时必须洗净并煮至熟软。,25,pantry｜quick｜comfort,1,complete,pending,
56,greens-tofu-soup-noodles,青菜豆腐汤面,auto_approved,中式家常,family-home-soup-staple,汤面,面条,老豆腐｜青菜,,鲜香菇,鲜香菇｜小白菜｜小油菜,水,"{""slot"":""叶菜"",""replaces"":[""青菜""],""allowed"":[""小白菜"",""小油菜""]}","{""ingredients"":[""需预先泡发的干货""],""reason_type"":""timing"",""reason"":""本配方不使用需要另行提前处理的食材。""}",同锅煮沸量好的水并加入老豆腐。｜加入面条煮熟，后段加入青菜并煮至熟软。,每100克干面条使用约550克汤水。｜每100克干面条配约70克老豆腐和60克青菜。,老豆腐中心必须热透。｜面条无硬芯，青菜洗净并煮至熟软。,25,pantry｜quick｜comfort,1,complete,pending,
57,mushroom-greens-tofu-covered-rice,香菇青菜豆腐饭锅,auto_approved,中式家常,family-home-covered-pot,饭锅,大米,鲜香菇｜老豆腐｜青菜,,香葱,香葱｜小白菜｜小油菜,水,"{""slot"":""叶菜"",""replaces"":[""青菜""],""allowed"":[""小白菜"",""小油菜""]}","{""ingredients"":[""干香菇未泡发""],""reason_type"":""timing"",""reason"":""本配方锁定鲜食用菌，不引入未计时的提前泡发步骤。""}",同锅加入大米、量好的水、鲜香菇与老豆腐，加盖焖煮。｜米饭接近熟透时加入青菜，继续加盖至全部熟软。,每100克大米使用约135克可用总液体。｜每100克大米配约45克老豆腐和30克鲜香菇。,米饭不得夹生，鲜香菇与老豆腐中心必须热透。｜青菜洗净并焖至熟软。,40,pantry｜fresh｜batch,1,complete,pending,
58,chicken-leg-potato-braised-rice,鸡腿土豆焖饭,auto_approved,中式家常,family-home-braised-rice,焖饭,大米,鸡腿肉｜土豆,,胡萝卜,胡萝卜,水,"{""slot"":""耐煮蔬菜"",""replaces"":[""土豆""],""allowed"":[""胡萝卜""]}","{""ingredients"":[""带骨大鸡腿""],""reason_type"":""timing"",""reason"":""本配方锁定切小块鸡腿肉，避免肉类与米饭熟度不同步。""}",同锅加入大米、量好的水、鸡腿肉小块与土豆小块，加盖焖煮。｜开盖核对米饭和土豆熟度，并确认鸡腿肉最厚处中心达到74摄氏度。,每100克大米使用约140克可用总液体。｜每100克大米配约60克鸡腿肉和50克土豆。,鸡腿肉最厚处中心必须达到74摄氏度且无粉红生肉。｜米饭和土豆不得夹生，不得使用发芽或明显变绿的土豆。,45,pantry｜comfort｜batch,1,complete,pending,
59,chicken-leg-mushroom-stewed-rice,鸡腿香菇土豆烩饭,auto_approved,中式家常,family-home-stewed-rice,烩饭,熟米饭,鸡腿肉｜鲜香菇,,香葱｜土豆,香葱｜土豆｜口蘑｜平菇,水,"{""slot"":""食用菌"",""replaces"":[""鲜香菇""],""allowed"":[""口蘑"",""平菇""]}","{""ingredients"":[""发芽土豆""],""reason_type"":""safety"",""reason"":""发芽或明显变绿的土豆不进入本配方。""}",同锅把鸡腿肉、鲜香菇和用户提供的土豆小块煮至鸡腿肉中心达到74摄氏度且土豆熟软。｜加入熟米饭烩至全锅滚热并吸收汤汁。,每100克熟米饭使用约70克汤汁。｜每100克熟米饭配约50克鸡腿肉和30克鲜食用菌；使用土豆时控制在40至50克。,鸡腿肉最厚处中心必须达到74摄氏度且无粉红生肉。｜鲜香菇彻底熟软；使用土豆时不得夹生且不得使用发芽土豆。,40,pantry｜comfort｜fresh,1,complete,pending,
60,tomato-chicken-leg-soup-rice,番茄鸡腿土豆汤饭,auto_approved,中式家常,family-home-soup-staple,汤饭,熟米饭,鸡腿肉｜番茄,,青菜｜土豆,青菜｜土豆｜小白菜,水,"{""slot"":""叶菜"",""replaces"":[""青菜""],""allowed"":[""小白菜""]}","{""ingredients"":[""发芽土豆""],""reason_type"":""safety"",""reason"":""发芽或明显变绿的土豆不进入本配方。""}",同锅把鸡腿肉、番茄和用户提供的土豆小块煮成滚汤，确认鸡腿肉中心达到74摄氏度且土豆熟软。｜加入熟米饭煮至整锅再次滚热。,每100克熟米饭使用约180克汤水。｜每100克熟米饭配约50克鸡腿肉和60克番茄；使用土豆时控制在40至50克。,鸡腿肉最厚处中心必须达到74摄氏度且无粉红生肉。｜熟米饭必须充分复热；使用土豆时不得夹生且不得使用发芽土豆。,40,pantry｜comfort｜batch,1,complete,pending,
61,corn-carrot-chicken-leg-covered-rice,玉米土豆鸡腿饭锅,auto_approved,中式家常,family-home-covered-pot,饭锅,大米,鸡腿肉｜玉米｜胡萝卜,玉米,香葱,香葱｜土豆,水,"{""slot"":""配色蔬菜"",""replaces"":[""胡萝卜""],""allowed"":[""土豆""]}","{""ingredients"":[""发芽土豆""],""reason_type"":""safety"",""reason"":""发芽或明显变绿的土豆不进入替换位。""}",同锅加入大米、量好的水、鸡腿肉、玉米和胡萝卜；用户提供土豆时以土豆替代胡萝卜。｜加盖焖至米饭和蔬菜熟透，并确认鸡腿肉中心达到74摄氏度。,每100克大米使用约140克可用总液体。｜每100克大米配约55克鸡腿肉和合计45克玉米与胡萝卜或土豆。,鸡腿肉最厚处中心必须达到74摄氏度且无粉红生肉。｜米饭不得夹生；使用土豆时须熟软且不得使用发芽土豆。,45,pantry｜fresh｜batch,1,complete,pending,
62,cabbage-potato-chicken-leg-braised-noodles,白菜土豆鸡腿焖面,auto_approved,中式家常,family-northern-braised-noodles,焖面,面条,鸡腿肉｜白菜｜土豆,,香葱,香葱｜娃娃菜,水,"{""slot"":""白菜"",""replaces"":[""白菜""],""allowed"":[""娃娃菜""]}","{""ingredients"":[""发芽土豆""],""reason_type"":""safety"",""reason"":""发芽或明显变绿的土豆不进入本配方。""}",同锅把鸡腿肉与土豆煮至接近熟透。｜铺入面条加盖焖至无硬芯，后段加入白菜，并确认鸡腿肉中心达到74摄氏度。,每100克干面条使用约180克焖煮液体。｜每100克干面条配约60克鸡腿肉和合计90克白菜土豆。,鸡腿肉最厚处中心必须达到74摄氏度且无粉红生肉。｜面条和土豆不得夹生，白菜洗净并熟软。,45,pantry｜comfort｜fresh,1,complete,pending,
63,greens-sausage-fried-rice,青菜香肠炒饭,auto_approved,中式家常,family-home-fried-rice,炒饭,熟米饭,青菜｜香肠,香肠,香葱,香葱｜小白菜｜小油菜,,"{""slot"":""叶菜"",""replaces"":[""青菜""],""allowed"":[""小白菜"",""小油菜""]}","{""ingredients"":[""不明熟制状态的香肠""],""reason_type"":""safety"",""reason"":""无法确认生制或预熟状态时不得缩短熟制过程。""}",同锅把香肠充分炒热；生制香肠须确认中心达到71摄氏度。｜加入熟米饭炒热，后段加入青菜并炒至熟软。,每100克熟米饭配约25克香肠和35克青菜。｜先核对香肠标签咸度，再决定调味用量。,生制香肠中心必须达到71摄氏度，预熟香肠也必须彻底热透。｜青菜洗净并炒至熟软，冷藏熟米饭使用时必须充分复热。,25,pantry｜quick｜fresh,1,complete,pending,
64,greens-minced-pork-braised-rice,青菜肉末焖饭,auto_approved,中式家常,family-home-braised-rice,焖饭,大米,青菜｜猪肉末,,鲜香菇,鲜香菇｜小白菜｜小油菜,水,"{""slot"":""叶菜"",""replaces"":[""青菜""],""allowed"":[""小白菜"",""小油菜""]}","{""ingredients"":[""大块猪肉""],""reason_type"":""timing"",""reason"":""本配方锁定猪肉末，避免肉块中心熟制与米饭时间失配。""}",同锅把猪肉末炒散，再加入大米和量好的水加盖焖煮。｜后段加入青菜，继续焖至米饭熟透且猪肉末中心达到71摄氏度。,每100克大米使用约135克可用总液体。｜每100克大米配约45克猪肉末和40克青菜。,猪肉末中心必须达到71摄氏度且无粉红生肉。｜米饭不得夹生，青菜洗净并焖至熟软。,35,pantry｜comfort｜batch,1,complete,pending,
65,cabbage-egg-soup-rice,青菜鸡蛋汤饭,auto_approved,中式家常,family-home-soup-staple,汤饭,熟米饭,白菜｜鸡蛋,,香葱,香葱｜娃娃菜｜青菜,水,"{""slot"":""白菜"",""replaces"":[""白菜""],""allowed"":[""娃娃菜"",""青菜""]}","{""ingredients"":[""流心鸡蛋""],""reason_type"":""safety"",""reason"":""本汤饭不提供流心终点。""}",只使用做熟后及时冷藏且保存状态可靠的熟米饭；同锅把白菜或用户提供的青菜煮软，并加入熟米饭充分复热。｜淋入鸡蛋液，在滚汤中煮至蛋白和蛋黄完全凝固。,每100克熟米饭使用约180克汤水。｜每100克熟米饭配约35克蛋液和60克白菜或替代青菜。,鸡蛋必须熟透，蛋白和蛋黄完全凝固，不得流心。｜只使用做熟后及时冷藏且保存状态可靠的熟米饭，并充分复热；青菜等叶菜洗净并煮熟。,25,pantry｜quick｜comfort,1,complete,pending,
66,greens-tofu-vermicelli-pot,青菜豆腐粉丝煲,auto_approved,中式家常,family-home-vermicelli-pot,粉丝煲,,粉丝｜青菜｜老豆腐,粉丝,鲜香菇,鲜香菇｜小白菜｜娃娃菜,水,"{""slot"":""叶菜"",""replaces"":[""青菜""],""allowed"":[""小白菜"",""娃娃菜""]}","{""ingredients"":[""需提前泡发的粉丝""],""reason_type"":""timing"",""reason"":""本配方不隐藏提前处理，使用可直接入锅的干粉丝。""}",同锅煮沸量好的水并加入老豆腐热透。｜加入粉丝煮软，后段加入青菜并煮至熟软。,每50克干粉丝使用约450克汤水。｜每50克干粉丝配约100克老豆腐和80克青菜。,老豆腐中心必须热透，粉丝无硬芯。｜青菜洗净并煮至熟软。,30,pantry｜quick｜comfort,1,complete,pending,
67,greens-chicken-leg-soup-noodles,青菜鸡腿汤面,auto_approved,中式家常,family-home-soup-staple,汤面,面条,青菜｜鸡腿肉,,鲜香菇,鲜香菇｜小白菜｜小油菜,水,"{""slot"":""叶菜"",""replaces"":[""青菜""],""allowed"":[""小白菜"",""小油菜""]}","{""ingredients"":[""带骨大鸡腿""],""reason_type"":""timing"",""reason"":""本配方锁定切小块鸡腿肉，以便与面条时限同步。""}",同锅把鸡腿肉小块煮至接近安全终点。｜加入面条煮熟，后段加入青菜，并确认鸡腿肉最厚处中心达到74摄氏度。,每100克干面条使用约550克汤水。｜每100克干面条配约70克鸡腿肉和70克青菜。,鸡腿肉最厚处中心必须达到74摄氏度且无粉红生肉。｜面条无硬芯，青菜洗净并煮至熟软。,35,pantry｜comfort｜fresh,1,complete,pending,
68,green-bean-pork-rib-braised-rice,豆角排骨焖饭,auto_approved,中式家常,family-home-braised-rice,焖饭,大米,猪肋排｜豆角,,鲜香菇,鲜香菇｜土豆,水,"{""slot"":""耐煮蔬菜"",""replaces"":[""豆角""],""allowed"":[""土豆""]}","{""ingredients"":[""超大块排骨""],""reason_type"":""timing"",""reason"":""排骨块过大会使肉类中心终点与米饭熟度不同步。""}",同锅把猪肋排煮至接近熟透，再加入大米和豆角；用户提供土豆时以土豆替代豆角。｜加入量好的水加盖焖至米饭熟透、排骨中心达到74摄氏度，使用豆角时确认完全熟透。,每100克大米使用约145克可用总液体。｜每100克大米配约70克猪肋排和55克豆角或土豆。,排骨最厚可食部分中心必须达到74摄氏度。｜豆角必须完全熟透、失去生绿色且无豆腥味；使用土豆时须熟软且不得发芽变绿。,55,pantry｜comfort｜batch,1,complete,pending,
69,potato-pork-rib-stewed-rice,土豆排骨烩饭,auto_approved,中式家常,family-home-stewed-rice,烩饭,熟米饭,猪肋排｜土豆,,香葱,香葱｜豆角,水,"{""slot"":""耐煮蔬菜"",""replaces"":[""土豆""],""allowed"":[""豆角""]}","{""ingredients"":[""发芽土豆""],""reason_type"":""safety"",""reason"":""发芽或明显变绿的土豆不进入本配方。""}",同锅把猪肋排与土豆炖煮；用户提供豆角时以豆角替代土豆并煮至完全熟透。｜确认排骨中心达到74摄氏度后加入熟米饭，烩至充分复热并吸收汤汁。,每100克熟米饭使用约90克排骨汤汁。｜每100克熟米饭配约60克猪肋排和50克土豆或豆角。,排骨最厚可食部分中心必须达到74摄氏度。｜豆角必须完全熟透、失去生绿色且无豆腥味；使用土豆时须熟软且不得发芽变绿。,55,pantry｜comfort｜batch,1,complete,pending,
70,tomato-potato-pork-rib-covered-rice,番茄土豆排骨饭锅,auto_approved,中式家常,family-home-covered-pot,饭锅,大米,猪肋排｜番茄｜土豆,,香葱,香葱｜豆角,水,"{""slot"":""耐煮蔬菜"",""replaces"":[""土豆""],""allowed"":[""豆角""]}","{""ingredients"":[""额外番茄汁""],""reason_type"":""texture_water"",""reason"":""未计入总液体的番茄汁会使米饭过湿。""}",同锅把猪肋排煮至接近熟透，再加入大米、番茄和土豆；用户提供豆角时以豆角替代土豆。｜计入番茄汁后补足总液体，加盖焖至米饭熟透、排骨中心达到74摄氏度，豆角使用时完全熟透。,每100克大米使用包含番茄汁在内约145克可用总液体。｜每100克大米配约70克猪肋排和50克土豆或豆角。,排骨最厚可食部分中心必须达到74摄氏度。｜豆角必须完全熟透、失去生绿色且无豆腥味；使用土豆时须熟软且不得发芽变绿。,60,pantry｜comfort｜batch,1,complete,pending,
71,mushroom-green-bean-pork-rib-braised-rice,香菇豆角排骨焖饭,auto_approved,中式家常,family-home-braised-rice,焖饭,大米,猪肋排｜鲜香菇｜豆角,,香葱,香葱｜土豆,水,"{""slot"":""耐煮蔬菜"",""replaces"":[""豆角""],""allowed"":[""土豆""]}","{""ingredients"":[""干香菇未泡发""],""reason_type"":""timing"",""reason"":""本配方锁定鲜香菇，不隐藏提前泡发步骤。""}",同锅把猪肋排煮至接近熟透，再加入大米、鲜香菇和豆角；用户提供土豆时以土豆替代豆角。｜加入量好的水加盖焖至米饭熟透、排骨中心达到74摄氏度，使用豆角时确认完全熟透。,每100克大米使用约145克可用总液体。｜每100克大米配约70克猪肋排和合计65克鲜香菇与豆角或土豆。,排骨最厚可食部分中心必须达到74摄氏度。｜豆角必须完全熟透、失去生绿色且无豆腥味；使用土豆时须熟软且不得发芽变绿。,60,pantry｜comfort｜batch,1,complete,pending,
72,cabbage-potato-pork-rib-soup-rice,白菜土豆排骨汤饭,auto_approved,中式家常,family-home-soup-staple,汤饭,熟米饭,猪肋排｜白菜｜土豆,,香葱,香葱｜豆角,水,"{""slot"":""耐煮蔬菜"",""replaces"":[""土豆""],""allowed"":[""豆角""]}","{""ingredients"":[""发芽土豆""],""reason_type"":""safety"",""reason"":""发芽或明显变绿的土豆不进入本配方。""}",同锅把猪肋排与土豆炖煮；用户提供豆角时以豆角替代土豆并煮至完全熟透。｜确认排骨中心达到74摄氏度后加入白菜和熟米饭，煮至整锅滚热。,每100克熟米饭使用约200克排骨汤水。｜每100克熟米饭配约60克猪肋排和合计80克白菜与土豆或豆角。,排骨最厚可食部分中心必须达到74摄氏度。｜豆角必须完全熟透、失去生绿色且无豆腥味；使用土豆时须熟软且不得发芽变绿。,55,pantry｜comfort｜batch,1,complete,pending,
